Date,Product,Units Sold,Price,Revenue
2026-02-07,Product_D,19,37.65,715.35
2026-01-13,Product_A,4,91.87,367.48
2026-03-14,Product_C,14,171.07,2394.98
2026-01-10,Product_C,1,38.88,38.88
2026-03-17,Product_B,15,101.99,1529.85
2026-01-06,Product_D,11,98.2,1080.2
2026-03-21,Product_C,8,95.91,767.28
2026-03-06,Product_C,12,182.04,2184.48
2026-01-17,Product_C,10,170.21,1702.1
2026-01-02,Product_D,4,41.98,167.92
2026-03-18,Product_B,8,108.76,870.08
2026-03-13,Product_B,9,139.36,1254.24
2026-01-07,Product_D,3,185.52,556.56
2026-01-26,Product_B,3,180.1,540.3
2026-02-20,Product_B,8,87.14,697.12
2026-01-21,Product_A,15,65.65,984.75
2026-01-19,Product_B,14,116.0,1624.0
2026-03-26,Product_B,2,73.46,146.92
2026-01-12,Product_A,19,153.61,2918.59
2026-01-29,Product_A,18,133.64,2405.52
2026-01-30,Product_C,12,46.5,558.0
2026-01-15,Product_B,13,68.34,888.42
2026-02-20,Product_D,13,110.02,1430.26
2026-03-10,Product_B,3,163.69,491.07
2026-03-29,Product_A,4,22.27,89.08
2026-03-29,Product_A,11,20.7,227.7
2026-03-28,Product_B,13,20.02,260.26
2026-01-14,Product_C,1,75.48,75.48
2026-01-10,Product_C,7,52.78,369.46
2026-01-08,Product_C,19,53.14,1009.66
2026-03-05,Product_A,2,93.31,186.62
2026-03-03,Product_C,10,143.54,1435.4
2026-01-23,Product_C,12,94.45,1133.4
2026-02-27,Product_A,2,24.3,48.6
2026-01-02,Product_A,10,29.21,292.1
2026-01-01,Product_A,18,83.21,1497.78
2026-03-02,Product_A,17,102.09,1735.53
2026-03-23,Product_B,14,122.49,1714.86
2026-01-09,Product_A,17,147.13,2501.21
2026-03-30,Product_B,1,32.55,32.55
2026-01-14,Product_C,7,36.51,255.57
2026-02-17,Product_A,8,90.05,720.4
2026-03-14,Product_C,6,152.6,915.6
2026-01-31,Product_D,16,103.43,1654.88
2026-03-13,Product_C,14,171.95,2407.3
2026-01-04,Product_A,17,14.57,247.69
2026-03-12,Product_D,2,27.17,54.34
2026-01-22,Product_D,19,36.78,698.82
2026-02-19,Product_C,5,193.7,968.5
2026-02-27,Product_B,1,116.58,116.58
2026-01-04,Product_D,9,76.76,690.84
2026-03-10,Product_B,13,158.35,2058.55
2026-01-25,Product_D,9,103.24,929.16
2026-02-13,Product_D,4,148.22,592.88
2026-03-18,Product_D,15,109.39,1640.85
2026-01-27,Product_C,4,150.96,603.84
2026-02-22,Product_C,19,107.68,2045.92
2026-03-22,Product_C,17,93.51,1589.67
2026-02-11,Product_D,4,72.49,289.96
2026-03-24,Product_B,2,26.5,53.0
2026-01-16,Product_B,1,191.86,191.86
2026-03-06,Product_C,11,51.6,567.6
2026-03-10,Product_C,19,60.99,1158.81
2026-01-26,Product_C,3,199.99,599.97
2026-03-29,Product_A,16,137.62,2201.92
2026-01-08,Product_C,7,177.49,1242.43
2026-01-27,Product_B,12,30.82,369.84
2026-01-26,Product_B,8,13.46,107.68
2026-01-23,Product_B,2,59.56,119.12
2026-01-10,Product_B,1,157.87,157.87
2026-03-09,Product_A,14,63.84,893.76
2026-01-24,Product_A,18,108.55,1953.9
2026-01-28,Product_A,19,182.62,3469.78
2026-02-07,Product_C,13,156.12,2029.56
2026-02-27,Product_D,8,179.6,1436.8
2026-03-25,Product_C,4,42.46,169.84
2026-02-08,Product_D,16,125.64,2010.24
2026-01-09,Product_D,6,74.03,444.18
2026-02-02,Product_A,4,71.45,285.8
2026-02-04,Product_B,9,10.21,91.89
2026-01-11,Product_C,9,22.6,203.4
2026-01-24,Product_A,12,80.17,962.04
2026-01-16,Product_C,12,144.33,1731.96
2026-03-29,Product_B,13,43.63,567.19
2026-01-26,Product_A,9,178.64,1607.76
2026-03-13,Product_C,5,171.74,858.7
2026-03-16,Product_A,18,105.11,1891.98
2026-03-04,Product_D,6,161.74,970.44
2026-02-16,Product_D,16,81.42,1302.72
2026-02-02,Product_A,7,141.98,993.86
2026-03-30,Product_D,1,184.43,184.43
2026-01-24,Product_D,10,53.93,539.3
2026-02-25,Product_A,9,68.07,612.63
2026-03-07,Product_B,3,110.81,332.43
2026-03-19,Product_C,19,156.4,2971.6
2026-01-04,Product_D,4,74.72,298.88
2026-01-01,Product_C,6,59.45,356.7
2026-03-19,Product_A,19,97.4,1850.6
2026-01-07,Product_A,15,198.75,2981.25
2026-02-22,Product_A,16,119.6,1913.6
2026-03-27,Product_C,4,123.13,492.52
2026-03-12,Product_A,3,89.47,268.41
2026-01-03,Product_B,18,65.81,1184.58
2026-03-18,Product_C,1,41.85,41.85
2026-01-22,Product_A,11,92.6,1018.6
2026-03-17,Product_A,13,43.54,566.02
2026-01-08,Product_A,11,176.93,1946.23
2026-03-19,Product_C,3,190.18,570.54
2026-03-14,Product_B,15,81.58,1223.7
2026-03-17,Product_B,12,42.6,511.2
2026-03-18,Product_B,13,114.9,1493.7
2026-02-13,Product_A,4,150.68,602.72
2026-01-21,Product_A,11,63.48,698.28
2026-01-31,Product_A,10,120.38,1203.8
2026-02-06,Product_A,5,14.99,74.95
2026-01-08,Product_B,13,79.17,1029.21
2026-02-15,Product_D,8,97.91,783.28
2026-03-10,Product_C,10,125.64,1256.4
2026-02-27,Product_D,8,20.8,166.4
2026-03-24,Product_B,17,67.51,1147.67
2026-01-14,Product_B,11,166.75,1834.25
2026-01-11,Product_C,4,167.65,670.6
2026-01-24,Product_C,3,40.31,120.93
2026-03-23,Product_C,14,189.58,2654.12
2026-01-08,Product_D,7,147.27,1030.89
2026-01-25,Product_C,12,115.64,1387.68
2026-03-16,Product_B,6,165.43,992.58
2026-01-21,Product_A,19,17.93,340.67
2026-02-02,Product_C,8,73.68,589.44
2026-01-13,Product_B,10,153.19,1531.9
2026-03-07,Product_C,15,185.1,2776.5
2026-03-02,Product_B,16,109.02,1744.32
2026-01-25,Product_B,8,11.29,90.32
2026-03-24,Product_A,2,147.14,294.28
2026-01-03,Product_B,2,185.36,370.72
2026-01-11,Product_D,7,169.47,1186.29
2026-02-24,Product_B,8,62.35,498.8
2026-03-24,Product_C,16,12.01,192.16
2026-03-28,Product_C,18,90.82,1634.76
2026-03-12,Product_D,2,138.62,277.24
2026-03-08,Product_A,16,98.17,1570.72
2026-03-13,Product_D,8,168.81,1350.48
2026-02-18,Product_A,3,196.02,588.06
2026-02-24,Product_A,6,174.95,1049.7
2026-01-16,Product_B,4,72.35,289.4
2026-01-06,Product_A,7,107.06,749.42
2026-01-18,Product_B,18,79.22,1425.96
2026-02-12,Product_C,18,85.13,1532.34
2026-01-21,Product_D,13,157.64,2049.32
2026-02-18,Product_D,12,113.68,1364.16
2026-01-23,Product_C,14,69.75,976.5
2026-01-14,Product_A,2,181.8,363.6
2026-02-23,Product_A,1,86.91,86.91
2026-03-26,Product_B,8,163.68,1309.44
2026-01-11,Product_A,14,120.4,1685.6
2026-02-25,Product_D,4,199.15,796.6
2026-03-03,Product_C,14,93.98,1315.72
2026-02-26,Product_B,9,105.8,952.2
2026-03-31,Product_A,10,43.22,432.2
2026-01-22,Product_A,11,109.39,1203.29
2026-03-25,Product_D,15,124.37,1865.55
2026-01-26,Product_B,12,139.54,1674.48
2026-01-15,Product_B,9,90.67,816.03
2026-01-14,Product_B,11,63.65,700.15
2026-03-26,Product_D,6,36.23,217.38
2026-02-13,Product_A,2,190.4,380.8
2026-01-07,Product_D,14,71.18,996.52
2026-03-19,Product_C,8,14.53,116.24
2026-02-26,Product_A,11,35.11,386.21
2026-03-01,Product_B,4,36.85,147.4
2026-01-16,Product_B,14,57.97,811.58
2026-01-25,Product_C,14,96.42,1349.88
2026-01-10,Product_C,10,191.45,1914.5
2026-03-08,Product_B,5,104.57,522.85
2026-03-13,Product_C,13,23.51,305.63
2026-02-23,Product_D,9,55.57,500.13
2026-03-11,Product_C,18,97.26,1750.68
2026-02-06,Product_A,1,161.24,161.24
2026-01-22,Product_B,8,63.64,509.12
2026-02-10,Product_D,18,86.52,1557.36
2026-03-19,Product_D,18,38.67,696.06
2026-02-19,Product_D,1,61.41,61.41
2026-02-17,Product_A,15,146.74,2201.1
2026-03-19,Product_B,7,34.87,244.09
2026-02-10,Product_B,1,103.47,103.47
2026-03-20,Product_C,8,171.34,1370.72
2026-02-15,Product_D,1,152.42,152.42
2026-03-29,Product_B,6,165.89,995.34
2026-01-17,Product_A,3,92.18,276.54
2026-01-29,Product_C,9,197.2,1774.8
2026-02-15,Product_C,11,81.68,898.48
2026-03-09,Product_A,19,174.05,3306.95
2026-03-08,Product_D,1,88.75,88.75
2026-03-20,Product_A,14,182.47,2554.58
2026-02-16,Product_A,19,177.41,3370.79
2026-01-01,Product_A,8,60.74,485.92
2026-01-30,Product_B,7,160.2,1121.4
2026-03-05,Product_B,1,195.52,195.52
2026-03-17,Product_D,18,178.78,3218.04
2026-02-05,Product_A,1,67.7,67.7
2026-02-23,Product_A,11,169.86,1868.46
2026-02-03,Product_C,9,64.02,576.18
2026-01-03,Product_B,6,102.07,612.42
2026-03-26,Product_B,8,23.59,188.72
2026-03-25,Product_B,9,34.94,314.46
2026-02-18,Product_D,9,172.27,1550.43
2026-02-24,Product_A,5,150.54,752.7
2026-02-02,Product_D,4,90.81,363.24
2026-01-29,Product_A,4,165.1,660.4
2026-02-25,Product_D,17,94.86,1612.62
2026-03-24,Product_D,16,108.23,1731.68
2026-02-01,Product_D,1,15.59,15.59
2026-01-29,Product_C,16,150.08,2401.28
2026-03-16,Product_C,8,161.21,1289.68
2026-01-09,Product_C,10,167.11,1671.1
2026-02-02,Product_B,12,59.15,709.8
2026-01-09,Product_C,15,177.81,2667.15
2026-03-26,Product_C,18,104.08,1873.44
2026-03-19,Product_B,9,137.28,1235.52
2026-02-20,Product_B,13,148.36,1928.68
2026-03-21,Product_D,13,41.04,533.52
2026-02-11,Product_B,1,14.24,14.24
2026-03-06,Product_B,1,132.35,132.35
2026-03-25,Product_D,17,57.61,979.37
2026-01-25,Product_C,18,142.94,2572.92
2026-01-21,Product_D,6,184.67,1108.02
2026-02-14,Product_D,9,158.3,1424.7
2026-01-16,Product_D,16,85.65,1370.4
2026-01-31,Product_D,18,53.81,968.58
2026-01-15,Product_D,8,101.6,812.8
2026-01-20,Product_A,12,48.59,583.08
2026-01-27,Product_B,7,13.35,93.45
2026-03-28,Product_B,10,61.59,615.9
2026-01-08,Product_D,17,197.46,3356.82
2026-02-23,Product_D,13,52.28,679.64
2026-02-17,Product_B,17,160.19,2723.23
2026-03-02,Product_A,13,180.53,2346.89
2026-02-04,Product_C,17,32.86,558.62
2026-02-02,Product_C,18,107.7,1938.6
2026-01-20,Product_A,7,70.97,496.79
2026-03-09,Product_D,17,21.65,368.05
2026-01-25,Product_B,7,137.78,964.46
2026-03-25,Product_C,13,168.28,2187.64
2026-02-08,Product_B,12,129.04,1548.48
2026-02-17,Product_D,3,19.94,59.82
2026-01-06,Product_B,4,16.09,64.36
2026-03-21,Product_B,13,81.45,1058.85
2026-03-05,Product_C,15,57.22,858.3
2026-03-29,Product_C,3,117.04,351.12
2026-02-02,Product_B,1,164.31,164.31
2026-02-12,Product_A,8,74.41,595.28
2026-03-16,Product_C,7,90.7,634.9
2026-03-08,Product_C,19,96.19,1827.61
2026-03-30,Product_D,6,69.67,418.02
2026-01-31,Product_D,18,47.46,854.28
2026-01-18,Product_C,5,120.6,603.0
2026-03-10,Product_A,17,190.32,3235.44
2026-03-06,Product_D,4,20.28,81.12
2026-03-02,Product_D,5,12.53,62.65
2026-03-20,Product_D,17,149.6,2543.2
2026-01-18,Product_C,4,64.63,258.52
2026-02-09,Product_A,17,83.64,1421.88
2026-02-05,Product_B,17,184.55,3137.35
2026-03-23,Product_A,2,103.01,206.02
2026-01-29,Product_A,5,85.01,425.05
2026-01-23,Product_D,7,84.69,592.83
2026-02-08,Product_A,8,41.56,332.48
2026-02-11,Product_C,6,84.11,504.66
2026-03-16,Product_C,6,32.21,193.26
2026-03-19,Product_C,7,106.44,745.08
2026-03-12,Product_A,13,112.5,1462.5
2026-01-26,Product_B,5,112.76,563.8
2026-02-18,Product_A,1,170.35,170.35
2026-02-20,Product_B,15,127.98,1919.7
2026-03-04,Product_C,9,174.46,1570.14
2026-02-14,Product_B,18,42.62,767.16
2026-02-24,Product_C,15,70.83,1062.45
2026-01-01,Product_C,4,47.89,191.56
2026-03-28,Product_B,4,118.58,474.32
2026-01-17,Product_B,17,169.87,2887.79
2026-01-20,Product_A,1,33.95,33.95
2026-01-10,Product_C,1,133.84,133.84
2026-02-21,Product_B,7,122.46,857.22
2026-01-11,Product_C,12,198.84,2386.08
2026-03-10,Product_A,12,10.2,122.4
2026-01-24,Product_B,11,182.82,2011.02
2026-01-15,Product_D,4,92.93,371.72
2026-03-05,Product_C,5,194.06,970.3
2026-01-22,Product_C,10,57.47,574.7
2026-02-16,Product_C,7,199.94,1399.58
2026-01-04,Product_B,8,38.07,304.56
2026-02-26,Product_A,8,162.03,1296.24
2026-03-30,Product_D,4,38.17,152.68
2026-03-22,Product_C,4,165.25,661.0
2026-02-16,Product_D,18,99.44,1789.92
2026-02-24,Product_A,19,173.17,3290.23
2026-03-21,Product_C,3,134.96,404.88
2026-03-13,Product_B,16,102.57,1641.12
2026-01-15,Product_D,1,138.0,138.0
2026-03-19,Product_C,2,39.56,79.12
2026-01-16,Product_A,8,154.91,1239.28
2026-01-26,Product_C,13,22.22,288.86
2026-02-23,Product_B,3,42.22,126.66
2026-03-26,Product_C,9,162.57,1463.13
2026-02-28,Product_D,7,34.23,239.61
2026-03-27,Product_A,14,128.66,1801.24
2026-01-30,Product_B,12,164.6,1975.2
2026-02-14,Product_C,3,198.2,594.6
2026-02-07,Product_B,15,73.78,1106.7
2026-01-23,Product_B,11,105.65,1162.15
2026-02-24,Product_C,19,109.9,2088.1
2026-03-18,Product_C,6,120.68,724.08
2026-01-13,Product_C,14,45.36,635.04
2026-03-01,Product_C,14,169.41,2371.74
2026-01-27,Product_B,16,183.0,2928.0
2026-03-18,Product_D,15,72.16,1082.4
2026-03-13,Product_B,7,95.83,670.81
2026-03-29,Product_D,12,42.53,510.36
2026-02-09,Product_A,17,100.74,1712.58
2026-02-13,Product_D,16,147.5,2360.0
2026-03-18,Product_D,10,20.18,201.8
2026-02-08,Product_A,18,119.87,2157.66
2026-03-11,Product_C,1,17.08,17.08
2026-02-03,Product_D,14,69.06,966.84
2026-02-13,Product_C,16,14.23,227.68
2026-01-27,Product_A,8,52.74,421.92
2026-02-26,Product_D,3,168.26,504.78
2026-03-11,Product_B,4,160.2,640.8
2026-03-15,Product_D,1,59.91,59.91
2026-02-22,Product_B,17,74.7,1269.9
2026-03-31,Product_C,1,131.58,131.58
2026-01-28,Product_A,10,128.15,1281.5
2026-02-13,Product_C,5,44.39,221.95
2026-01-02,Product_D,7,19.4,135.8
2026-03-24,Product_A,7,91.21,638.47
2026-01-27,Product_A,18,82.86,1491.48
2026-03-26,Product_A,14,55.71,779.94
2026-01-31,Product_D,11,149.9,1648.9
2026-03-06,Product_D,10,169.53,1695.3
2026-01-23,Product_A,7,115.28,806.96
2026-02-22,Product_D,18,28.66,515.88
2026-01-04,Product_B,6,17.04,102.24
2026-03-12,Product_D,16,19.03,304.48
2026-01-13,Product_C,6,36.84,221.04
2026-02-09,Product_A,13,79.13,1028.69
2026-03-25,Product_A,2,152.27,304.54
2026-02-18,Product_A,11,91.19,1003.09
2026-03-03,Product_C,16,186.56,2984.96
2026-03-12,Product_D,6,101.64,609.84
2026-01-14,Product_D,16,104.12,1665.92
2026-02-06,Product_D,17,141.67,2408.39
2026-01-24,Product_A,11,127.61,1403.71
2026-01-23,Product_C,9,138.54,1246.86
2026-03-08,Product_A,6,113.5,681.0
2026-02-23,Product_D,9,168.05,1512.45
2026-01-10,Product_C,18,20.63,371.34
2026-02-11,Product_A,4,198.24,792.96
2026-02-27,Product_C,2,136.12,272.24
2026-03-30,Product_D,10,81.81,818.1
2026-03-18,Product_C,12,50.0,600.0
2026-03-24,Product_B,9,173.53,1561.77
2026-01-12,Product_A,1,145.54,145.54
2026-02-06,Product_D,18,151.79,2732.22
2026-01-17,Product_A,15,136.76,2051.4
2026-01-31,Product_A,8,129.85,1038.8
2026-03-26,Product_A,19,120.5,2289.5
2026-02-27,Product_C,19,163.12,3099.28
2026-02-05,Product_D,11,54.7,601.7
2026-02-11,Product_A,1,197.24,197.24
2026-03-23,Product_A,11,25.47,280.17
2026-01-03,Product_D,3,150.03,450.09
2026-03-27,Product_B,11,48.83,537.13
2026-02-06,Product_B,3,146.39,439.17
2026-02-16,Product_A,12,103.77,1245.24
2026-03-22,Product_A,5,30.92,154.6
2026-01-28,Product_B,7,15.58,109.06
2026-03-14,Product_C,7,97.9,685.3
2026-01-29,Product_A,3,11.73,35.19
2026-01-03,Product_A,13,118.52,1540.76
2026-01-14,Product_B,5,122.7,613.5
2026-02-11,Product_C,1,28.3,28.3
2026-02-06,Product_D,3,159.5,478.5
2026-02-10,Product_A,13,176.57,2295.41
2026-01-19,Product_A,9,161.97,1457.73
2026-02-08,Product_D,16,96.61,1545.76
2026-03-05,Product_D,12,132.47,1589.64
2026-02-16,Product_C,16,84.09,1345.44
2026-03-31,Product_C,16,186.48,2983.68
2026-01-03,Product_B,16,59.85,957.6
2026-01-29,Product_A,19,61.07,1160.33
2026-03-20,Product_D,6,19.05,114.3
2026-03-17,Product_B,7,87.46,612.22
2026-02-28,Product_C,11,172.07,1892.77
2026-02-12,Product_D,16,59.43,950.88
2026-01-27,Product_B,6,64.04,384.24
2026-01-22,Product_A,12,43.37,520.44
2026-02-28,Product_C,12,114.42,1373.04
2026-01-17,Product_B,4,65.46,261.84
2026-02-07,Product_C,10,68.16,681.6
2026-01-12,Product_A,13,123.54,1606.02
2026-01-23,Product_B,4,18.06,72.24
2026-01-07,Product_D,17,26.82,455.94
2026-01-15,Product_B,10,186.72,1867.2
2026-03-29,Product_C,18,106.02,1908.36
2026-03-17,Product_A,8,189.22,1513.76
2026-02-05,Product_D,17,29.45,500.65
2026-03-05,Product_B,16,22.26,356.16
2026-02-02,Product_D,8,21.95,175.6
2026-02-19,Product_C,4,36.01,144.04
2026-01-01,Product_B,4,26.23,104.92
2026-01-23,Product_B,19,124.22,2360.18
2026-03-12,Product_B,16,192.41,3078.56
2026-02-06,Product_A,16,184.36,2949.76
2026-01-19,Product_B,13,64.78,842.14
2026-01-28,Product_C,12,189.03,2268.36
2026-01-29,Product_B,8,132.42,1059.36
2026-02-22,Product_A,17,55.03,935.51
2026-02-20,Product_D,19,112.73,2141.87
2026-02-16,Product_C,19,82.47,1566.93
2026-01-08,Product_A,19,166.33,3160.27
2026-03-27,Product_B,3,136.26,408.78
2026-01-17,Product_A,11,152.76,1680.36
2026-01-30,Product_C,19,25.88,491.72
2026-01-12,Product_D,9,100.74,906.66
2026-03-03,Product_B,16,21.2,339.2
2026-01-15,Product_A,2,54.73,109.46
2026-01-31,Product_C,12,131.82,1581.84
2026-01-09,Product_C,10,61.15,611.5
2026-02-10,Product_D,10,38.25,382.5
2026-02-18,Product_D,16,127.26,2036.16
2026-01-31,Product_C,13,28.56,371.28
2026-01-24,Product_B,5,123.14,615.7
2026-03-08,Product_C,16,55.69,891.04
2026-03-06,Product_D,19,41.48,788.12
2026-01-13,Product_C,18,171.02,3078.36
2026-01-18,Product_B,2,26.76,53.52
2026-02-03,Product_B,16,182.48,2919.68
2026-01-11,Product_A,6,139.37,836.22
2026-01-29,Product_B,6,98.2,589.2
2026-03-17,Product_A,1,177.98,177.98
2026-01-06,Product_C,3,131.61,394.83
2026-03-23,Product_A,16,142.14,2274.24
2026-01-06,Product_D,11,68.4,752.4
2026-02-12,Product_D,13,40.79,530.27
2026-03-28,Product_D,9,30.01,270.09
2026-02-22,Product_B,11,181.35,1994.85
2026-02-27,Product_B,13,141.31,1837.03
2026-02-26,Product_C,17,81.35,1382.95
2026-03-20,Product_A,3,157.91,473.73
2026-03-29,Product_D,1,157.34,157.34
2026-03-23,Product_D,10,86.92,869.2
2026-01-11,Product_B,6,197.03,1182.18
2026-03-14,Product_B,18,175.35,3156.3
2026-02-18,Product_A,10,115.14,1151.4
2026-01-20,Product_B,8,62.63,501.04
2026-01-13,Product_D,15,42.45,636.75
2026-01-26,Product_D,3,43.18,129.54
2026-03-19,Product_C,16,133.08,2129.28
2026-01-17,Product_D,4,176.14,704.56
2026-01-05,Product_D,19,32.9,625.1
2026-03-30,Product_A,1,16.3,16.3
2026-01-28,Product_A,1,137.22,137.22
2026-02-20,Product_C,10,174.64,1746.4
2026-03-10,Product_D,11,189.66,2086.26
2026-01-04,Product_D,17,97.35,1654.95
2026-02-28,Product_A,12,35.92,431.04
2026-01-13,Product_C,6,194.56,1167.36
2026-01-03,Product_B,12,183.24,2198.88
2026-03-18,Product_C,7,118.03,826.21
2026-03-03,Product_B,17,61.88,1051.96
2026-01-16,Product_A,10,61.84,618.4
2026-03-16,Product_A,14,28.89,404.46
2026-01-13,Product_A,1,39.55,39.55
2026-01-19,Product_C,3,31.33,93.99
2026-01-31,Product_C,7,145.43,1018.01
2026-03-01,Product_A,5,144.42,722.1
2026-01-06,Product_C,16,164.68,2634.88
2026-01-17,Product_D,16,35.36,565.76
2026-03-02,Product_D,10,77.15,771.5
2026-02-13,Product_D,13,116.35,1512.55
2026-02-01,Product_D,5,181.69,908.45
2026-02-14,Product_D,3,96.64,289.92
2026-01-25,Product_A,12,162.58,1950.96
2026-03-04,Product_C,17,20.45,347.65
2026-03-21,Product_B,8,185.52,1484.16
2026-01-22,Product_B,16,163.02,2608.32
2026-01-20,Product_C,19,93.59,1778.21
2026-03-19,Product_C,17,122.55,2083.35
2026-02-03,Product_C,14,66.73,934.22
2026-01-05,Product_D,10,35.41,354.1
2026-02-09,Product_D,5,12.7,63.5
2026-03-09,Product_C,9,153.11,1377.99
2026-02-04,Product_A,15,102.02,1530.3
2026-02-04,Product_B,16,112.06,1792.96
2026-02-12,Product_A,9,112.12,1009.08
2026-03-20,Product_B,6,148.98,893.88
2026-03-24,Product_D,10,107.55,1075.5
2026-02-08,Product_D,8,16.16,129.28
2026-02-18,Product_D,18,92.92,1672.56
2026-03-23,Product_C,6,63.1,378.6
2026-01-06,Product_B,2,194.41,388.82
2026-01-09,Product_C,11,80.98,890.78
2026-02-10,Product_C,14,27.92,390.88
2026-03-11,Product_C,6,52.04,312.24
2026-01-06,Product_B,9,20.75,186.75
2026-01-08,Product_C,16,171.21,2739.36
2026-03-20,Product_B,13,41.05,533.65
2026-02-07,Product_D,11,10.65,117.15
2026-03-20,Product_A,2,129.68,259.36
2026-02-03,Product_C,1,175.5,175.5
2026-01-28,Product_A,1,115.56,115.56
2026-02-21,Product_A,18,185.01,3330.18
2026-03-19,Product_C,6,142.93,857.58
2026-01-31,Product_C,9,17.29,155.61
2026-02-13,Product_C,6,129.18,775.08
2026-02-16,Product_D,19,108.36,2058.84
2026-01-10,Product_B,16,113.72,1819.52
2026-03-09,Product_A,19,163.97,3115.43
2026-01-04,Product_C,6,143.04,858.24
2026-03-09,Product_B,5,188.67,943.35
2026-02-24,Product_C,4,102.51,410.04
2026-03-05,Product_C,3,113.67,341.01
2026-03-22,Product_A,12,16.18,194.16
2026-01-29,Product_B,11,118.74,1306.14
2026-02-07,Product_D,6,179.0,1074.0
2026-03-06,Product_D,2,10.49,20.98
2026-02-07,Product_A,18,21.7,390.6
2026-01-19,Product_B,13,104.65,1360.45
2026-03-20,Product_A,10,118.69,1186.9
2026-03-12,Product_D,19,69.88,1327.72
2026-02-22,Product_B,17,177.47,3016.99
2026-01-11,Product_B,5,105.2,526.0
2026-02-02,Product_A,19,167.22,3177.18
2026-02-16,Product_C,15,120.38,1805.7
2026-03-05,Product_D,7,10.31,72.17
2026-01-19,Product_D,11,10.56,116.16
2026-02-06,Product_B,8,119.48,955.84
2026-01-30,Product_C,1,150.31,150.31
2026-02-09,Product_D,7,98.37,688.59
2026-01-29,Product_C,7,128.82,901.74
2026-02-24,Product_C,10,100.47,1004.7
2026-01-30,Product_B,16,35.25,564.0
2026-02-25,Product_D,1,54.01,54.01
2026-01-28,Product_B,18,195.72,3522.96
2026-03-02,Product_C,7,199.69,1397.83
2026-01-13,Product_A,1,161.78,161.78
2026-01-18,Product_D,10,16.41,164.1
2026-03-13,Product_B,15,196.3,2944.5
2026-01-08,Product_A,15,87.09,1306.35
2026-03-25,Product_C,10,85.78,857.8
2026-02-26,Product_B,8,18.3,146.4
2026-02-21,Product_A,15,62.53,937.95
2026-02-02,Product_D,11,106.1,1167.1
2026-03-18,Product_D,6,57.23,343.38
2026-03-04,Product_A,16,50.3,804.8
2026-02-21,Product_D,4,179.42,717.68
2026-01-31,Product_C,15,25.15,377.25
2026-01-23,Product_B,13,28.72,373.36
2026-01-06,Product_A,11,145.37,1599.07
2026-01-23,Product_C,16,162.81,2604.96
2026-03-18,Product_A,13,12.15,157.95
2026-01-23,Product_B,3,97.43,292.29
2026-01-19,Product_A,13,163.93,2131.09
2026-01-30,Product_C,14,30.47,426.58
2026-01-19,Product_A,18,28.43,511.74
2026-02-22,Product_D,15,126.43,1896.45
2026-02-01,Product_A,12,38.93,467.16
2026-02-19,Product_C,3,151.89,455.67
2026-03-25,Product_B,9,14.45,130.05
2026-02-15,Product_D,6,176.72,1060.32
2026-02-21,Product_B,1,90.16,90.16
2026-03-28,Product_C,11,10.82,119.02
2026-01-16,Product_C,3,139.14,417.42
2026-03-13,Product_D,10,123.28,1232.8
2026-02-18,Product_C,8,105.78,846.24
2026-01-29,Product_C,6,186.85,1121.1
2026-03-25,Product_D,4,120.82,483.28
2026-01-28,Product_A,10,89.77,897.7
2026-02-13,Product_B,2,136.51,273.02
2026-01-20,Product_B,7,151.67,1061.69
2026-03-21,Product_B,13,56.98,740.74
2026-03-12,Product_D,16,28.45,455.2
2026-03-30,Product_C,4,197.83,791.32
2026-03-28,Product_C,1,179.14,179.14
2026-01-12,Product_C,6,154.15,924.9
2026-03-07,Product_A,13,164.54,2139.02
2026-01-16,Product_D,16,129.35,2069.6
2026-02-21,Product_B,11,155.89,1714.79
2026-03-28,Product_C,17,101.03,1717.51
2026-02-15,Product_C,8,92.75,742.0
2026-03-05,Product_B,16,18.59,297.44
2026-02-12,Product_C,12,28.48,341.76
2026-01-23,Product_B,5,46.57,232.85
2026-03-24,Product_A,13,15.85,206.05
2026-02-10,Product_A,8,22.77,182.16
2026-02-14,Product_C,17,148.82,2529.94
2026-01-17,Product_B,6,153.4,920.4
2026-01-18,Product_D,18,157.44,2833.92
2026-03-30,Product_A,18,136.92,2464.56
2026-01-01,Product_B,18,39.2,705.6
2026-03-24,Product_C,15,142.41,2136.15
2026-03-13,Product_A,9,12.54,112.86
2026-01-15,Product_C,12,30.05,360.6
2026-02-06,Product_A,1,58.35,58.35
2026-01-27,Product_C,16,16.1,257.6
2026-02-02,Product_A,18,53.52,963.36
2026-01-02,Product_B,13,64.99,844.87
2026-02-18,Product_C,18,85.04,1530.72
2026-03-30,Product_D,4,14.46,57.84
2026-01-23,Product_D,17,81.6,1387.2
2026-02-04,Product_B,9,169.32,1523.88
2026-01-22,Product_B,17,111.35,1892.95
2026-03-10,Product_A,7,152.96,1070.72
2026-03-09,Product_A,3,108.59,325.77
2026-02-18,Product_A,16,32.83,525.28
2026-01-19,Product_B,14,179.38,2511.32
2026-01-12,Product_C,11,62.1,683.1
2026-01-12,Product_B,4,60.87,243.48
2026-02-22,Product_A,11,168.02,1848.22
2026-03-18,Product_A,12,97.29,1167.48
2026-03-10,Product_A,11,186.78,2054.58
2026-02-15,Product_B,3,97.78,293.34
2026-03-06,Product_D,14,125.59,1758.26
2026-03-31,Product_B,18,139.69,2514.42
2026-02-10,Product_B,5,153.43,767.15
2026-01-08,Product_A,16,159.15,2546.4
2026-01-08,Product_B,6,21.71,130.26
2026-02-03,Product_B,3,93.64,280.92
2026-02-28,Product_B,13,96.37,1252.81
2026-01-08,Product_A,1,173.78,173.78
2026-02-04,Product_C,16,114.24,1827.84
2026-01-05,Product_A,19,117.33,2229.27
2026-01-06,Product_C,10,14.15,141.5
2026-03-03,Product_A,9,44.11,396.99
2026-02-20,Product_B,18,58.74,1057.32
2026-03-18,Product_D,13,63.41,824.33
2026-02-15,Product_D,10,152.12,1521.2
2026-01-22,Product_C,7,17.03,119.21
2026-03-13,Product_A,3,82.36,247.08
2026-01-26,Product_C,3,114.29,342.87
2026-01-02,Product_B,17,129.01,2193.17
2026-01-14,Product_A,3,98.93,296.79
2026-02-08,Product_B,15,97.24,1458.6
2026-03-27,Product_C,8,139.78,1118.24
2026-01-28,Product_B,14,108.52,1519.28
2026-02-08,Product_D,15,66.12,991.8
2026-03-26,Product_C,5,37.49,187.45
2026-02-03,Product_D,11,180.16,1981.76
2026-01-02,Product_C,8,110.98,887.84
2026-02-01,Product_A,14,78.8,1103.2
2026-02-08,Product_B,19,39.71,754.49
2026-01-29,Product_A,4,139.0,556.0
2026-03-17,Product_D,14,34.89,488.46
2026-02-01,Product_D,10,91.65,916.5
2026-02-21,Product_C,19,139.99,2659.81
2026-03-08,Product_C,10,171.23,1712.3
2026-03-09,Product_D,16,57.51,920.16
2026-02-02,Product_C,1,194.75,194.75
2026-03-16,Product_A,8,196.68,1573.44
2026-02-02,Product_C,14,14.12,197.68
2026-01-06,Product_A,13,21.95,285.35
2026-01-01,Product_B,5,129.73,648.65
2026-02-07,Product_A,4,55.78,223.12
2026-03-14,Product_D,7,77.88,545.16
2026-02-13,Product_D,4,147.28,589.12
2026-01-25,Product_A,15,18.65,279.75
2026-01-17,Product_B,3,53.97,161.91
2026-02-11,Product_C,19,189.41,3598.79
2026-01-25,Product_C,10,160.47,1604.7
2026-01-22,Product_D,13,26.76,347.88
2026-01-28,Product_C,9,32.86,295.74
2026-02-16,Product_A,16,59.61,953.76
2026-02-05,Product_C,19,143.67,2729.73
2026-03-04,Product_B,10,153.43,1534.3
2026-03-10,Product_A,16,102.1,1633.6
2026-03-04,Product_D,1,190.8,190.8
2026-02-02,Product_D,19,104.76,1990.44
2026-02-15,Product_B,8,130.73,1045.84
2026-03-30,Product_C,10,132.63,1326.3
2026-02-12,Product_D,1,131.14,131.14
2026-02-27,Product_C,18,185.52,3339.36
2026-01-26,Product_B,16,106.9,1710.4
2026-02-02,Product_C,3,66.18,198.54
2026-02-03,Product_B,8,73.23,585.84
2026-01-07,Product_A,6,83.95,503.7
2026-03-07,Product_D,3,43.02,129.06
2026-02-21,Product_D,8,95.23,761.84
2026-02-01,Product_C,1,40.64,40.64
2026-01-08,Product_B,12,148.85,1786.2
2026-01-14,Product_C,10,161.22,1612.2
2026-01-04,Product_A,1,126.18,126.18
2026-01-29,Product_A,8,135.85,1086.8
2026-01-16,Product_C,15,146.11,2191.65
2026-01-30,Product_D,16,33.1,529.6
2026-03-08,Product_C,16,38.25,612.0
2026-03-03,Product_B,18,61.47,1106.46
2026-03-25,Product_A,13,10.5,136.5
2026-02-28,Product_C,18,74.49,1340.82
2026-03-24,Product_D,1,103.47,103.47
2026-02-04,Product_C,12,174.03,2088.36
2026-01-31,Product_B,3,97.87,293.61
2026-02-27,Product_D,14,14.89,208.46
2026-02-19,Product_C,6,76.65,459.9
2026-02-16,Product_C,15,189.65,2844.75
2026-03-25,Product_D,6,116.12,696.72
2026-02-11,Product_C,1,45.99,45.99
2026-01-21,Product_A,11,22.46,247.06
2026-02-10,Product_B,2,197.1,394.2
2026-02-20,Product_C,2,32.36,64.72
2026-01-05,Product_C,9,128.55,1156.95
2026-01-10,Product_C,6,58.75,352.5
2026-01-01,Product_C,9,125.73,1131.57
2026-01-22,Product_D,11,42.74,470.14
2026-03-16,Product_B,15,185.99,2789.85
2026-01-22,Product_A,15,63.54,953.1
2026-02-03,Product_A,18,47.58,856.44
2026-02-08,Product_D,14,55.13,771.82
2026-02-07,Product_B,11,97.33,1070.63
2026-02-13,Product_A,14,57.76,808.64
2026-02-03,Product_A,8,91.26,730.08
2026-02-11,Product_B,10,127.13,1271.3
2026-03-13,Product_C,11,18.11,199.21
2026-03-11,Product_B,19,55.65,1057.35
2026-03-12,Product_D,12,40.0,480.0
2026-01-24,Product_C,13,143.99,1871.87
2026-03-28,Product_A,6,161.37,968.22
2026-02-09,Product_D,14,147.44,2064.16
2026-02-01,Product_A,18,124.62,2243.16
2026-02-07,Product_D,13,133.15,1730.95
2026-02-08,Product_D,7,28.53,199.71
2026-02-26,Product_B,12,162.38,1948.56
2026-03-29,Product_A,13,153.02,1989.26
2026-01-29,Product_C,19,143.65,2729.35
2026-02-06,Product_C,11,75.93,835.23
2026-03-08,Product_C,19,124.78,2370.82
2026-01-11,Product_B,9,113.24,1019.16
2026-03-26,Product_B,12,51.01,612.12
2026-01-01,Product_C,3,187.16,561.48
2026-01-17,Product_D,9,27.42,246.78
2026-01-31,Product_B,12,100.15,1201.8
2026-01-04,Product_C,8,154.47,1235.76
2026-03-20,Product_D,5,159.96,799.8
2026-03-01,Product_C,11,151.93,1671.23
2026-02-23,Product_A,9,85.78,772.02
2026-03-11,Product_D,14,14.01,196.14
2026-02-19,Product_D,4,109.07,436.28
2026-03-16,Product_B,6,18.42,110.52
2026-02-16,Product_D,17,75.77,1288.09
2026-01-28,Product_B,5,26.51,132.55
2026-02-03,Product_D,19,38.58,733.02
2026-03-14,Product_B,4,143.17,572.68
2026-03-10,Product_A,7,123.21,862.47
2026-02-09,Product_A,7,142.06,994.42
2026-02-02,Product_B,19,129.62,2462.78
2026-01-08,Product_A,8,152.17,1217.36
2026-02-03,Product_D,16,117.58,1881.28
2026-03-04,Product_B,13,99.44,1292.72
2026-01-15,Product_C,15,150.74,2261.1
2026-03-19,Product_D,2,119.66,239.32
2026-02-13,Product_C,19,157.78,2997.82
2026-03-03,Product_A,11,152.06,1672.66
2026-03-27,Product_A,4,67.43,269.72
2026-02-06,Product_A,12,107.37,1288.44
2026-01-13,Product_B,2,43.14,86.28
2026-02-23,Product_C,6,142.09,852.54
2026-01-27,Product_B,7,110.24,771.68
2026-03-24,Product_B,19,95.62,1816.78
2026-01-13,Product_D,3,110.29,330.87
2026-01-26,Product_A,1,28.89,28.89
2026-01-02,Product_D,9,108.43,975.87
2026-02-11,Product_A,17,24.06,409.02
2026-02-25,Product_C,3,165.44,496.32
2026-02-25,Product_A,12,87.1,1045.2
2026-03-06,Product_A,5,33.81,169.05
2026-01-16,Product_B,19,125.41,2382.79
2026-02-10,Product_A,9,100.97,908.73
2026-03-02,Product_A,3,155.47,466.41
2026-03-12,Product_A,12,168.06,2016.72
2026-02-19,Product_A,4,152.24,608.96
2026-02-20,Product_C,16,96.3,1540.8
2026-02-02,Product_C,9,157.56,1418.04
2026-01-21,Product_D,13,181.61,2360.93
2026-02-22,Product_A,13,66.58,865.54
2026-02-08,Product_B,11,46.67,513.37
2026-03-07,Product_C,7,27.52,192.64
2026-03-22,Product_D,16,67.83,1085.28
2026-02-27,Product_C,15,62.78,941.7
2026-02-22,Product_B,2,64.94,129.88
2026-03-31,Product_A,12,167.7,2012.4
2026-01-20,Product_B,10,75.61,756.1
2026-03-06,Product_B,16,81.74,1307.84
2026-02-12,Product_C,7,113.17,792.19
2026-02-17,Product_D,15,26.62,399.3
2026-01-22,Product_D,6,120.85,725.1
2026-01-02,Product_A,5,107.89,539.45
2026-03-31,Product_C,11,51.1,562.1
2026-02-08,Product_C,8,19.01,152.08
2026-01-13,Product_A,19,98.78,1876.82
2026-01-19,Product_B,14,47.88,670.32
2026-03-19,Product_B,14,26.94,377.16
2026-03-19,Product_C,3,101.24,303.72
2026-03-30,Product_D,4,107.72,430.88
2026-03-25,Product_C,8,88.01,704.08
2026-02-09,Product_C,19,195.97,3723.43
2026-01-16,Product_B,8,115.53,924.24
2026-02-07,Product_C,2,173.03,346.06
2026-02-06,Product_A,7,171.79,1202.53
2026-01-02,Product_D,4,160.26,641.04
2026-02-02,Product_B,15,39.87,598.05
2026-01-31,Product_B,7,35.85,250.95
2026-01-08,Product_B,4,24.78,99.12
2026-02-20,Product_B,9,97.6,878.4
2026-02-20,Product_D,5,64.05,320.25
2026-02-02,Product_D,17,109.58,1862.86
2026-02-13,Product_B,11,16.07,176.77
2026-02-11,Product_C,18,26.81,482.58
2026-03-11,Product_A,15,27.42,411.3
2026-01-02,Product_B,16,149.07,2385.12
2026-02-21,Product_A,4,141.72,566.88
2026-01-31,Product_A,17,136.13,2314.21
2026-03-24,Product_A,12,24.65,295.8
2026-02-19,Product_B,12,145.49,1745.88
2026-03-23,Product_C,12,177.89,2134.68
2026-03-24,Product_D,4,54.93,219.72
2026-03-13,Product_C,15,134.52,2017.8
2026-01-22,Product_B,15,77.06,1155.9
2026-01-19,Product_B,19,101.3,1924.7
2026-02-16,Product_C,19,113.36,2153.84
2026-02-14,Product_D,3,164.59,493.77
2026-01-10,Product_D,1,59.29,59.29
2026-01-05,Product_B,18,163.84,2949.12
2026-03-19,Product_D,19,112.48,2137.12
2026-03-05,Product_D,14,32.6,456.4
2026-01-24,Product_C,2,171.32,342.64
2026-03-01,Product_D,17,133.0,2261.0
2026-03-06,Product_C,1,16.52,16.52
2026-03-24,Product_C,1,97.83,97.83
2026-02-01,Product_C,12,69.09,829.08
2026-01-02,Product_B,12,121.04,1452.48
2026-03-26,Product_D,3,147.63,442.89
2026-03-20,Product_D,5,83.57,417.85
2026-03-10,Product_C,15,75.17,1127.55
2026-02-24,Product_D,6,78.55,471.3
2026-01-26,Product_B,9,54.16,487.44
2026-03-25,Product_B,7,70.49,493.43
2026-01-28,Product_A,13,169.26,2200.38
2026-02-26,Product_B,2,150.31,300.62
2026-01-09,Product_C,2,144.48,288.96
2026-02-25,Product_A,15,105.06,1575.9
2026-03-18,Product_A,1,66.21,66.21
2026-02-16,Product_D,15,155.91,2338.65
2026-02-19,Product_B,14,178.59,2500.26
2026-01-12,Product_C,9,197.42,1776.78
2026-01-09,Product_B,4,115.95,463.8
2026-03-03,Product_A,16,108.67,1738.72
2026-03-16,Product_B,7,146.28,1023.96
2026-01-24,Product_B,4,104.77,419.08
2026-03-30,Product_B,16,95.61,1529.76
2026-03-31,Product_B,11,46.17,507.87
2026-03-24,Product_B,2,107.62,215.24
2026-03-24,Product_C,18,29.28,527.04
2026-01-06,Product_C,16,84.8,1356.8
2026-02-12,Product_C,16,104.48,1671.68
2026-02-16,Product_C,17,94.25,1602.25
2026-01-22,Product_B,5,134.09,670.45
2026-02-21,Product_C,13,45.64,593.32
2026-03-15,Product_D,1,31.77,31.77
2026-02-12,Product_A,3,170.9,512.7
2026-01-14,Product_C,3,94.42,283.26
2026-01-19,Product_C,14,10.43,146.02
2026-01-24,Product_D,2,97.39,194.78
2026-02-15,Product_B,7,175.05,1225.35
2026-02-22,Product_A,11,36.95,406.45
2026-02-03,Product_A,17,137.83,2343.11
2026-02-24,Product_C,15,151.62,2274.3
2026-01-15,Product_A,8,123.34,986.72
2026-02-27,Product_D,4,178.49,713.96
2026-03-03,Product_A,14,141.0,1974.0
2026-02-10,Product_C,13,146.85,1909.05
2026-03-14,Product_C,14,101.69,1423.66
2026-03-07,Product_A,7,109.73,768.11
2026-01-23,Product_C,17,42.13,716.21
2026-01-03,Product_A,19,162.65,3090.35
2026-03-28,Product_D,14,145.57,2037.98
2026-01-02,Product_A,7,162.85,1139.95
2026-03-14,Product_B,9,37.01,333.09
2026-02-21,Product_C,8,57.94,463.52
2026-03-13,Product_D,19,153.35,2913.65
2026-03-29,Product_A,19,77.54,1473.26
2026-03-19,Product_C,5,186.24,931.2
2026-03-04,Product_B,5,27.85,139.25
2026-02-18,Product_D,4,166.89,667.56
2026-01-01,Product_B,8,169.73,1357.84
2026-02-12,Product_D,19,103.87,1973.53
2026-02-09,Product_A,9,134.3,1208.7
2026-01-04,Product_C,3,63.17,189.51
2026-02-27,Product_C,19,147.41,2800.79
2026-02-13,Product_A,15,179.3,2689.5
2026-02-23,Product_A,10,67.78,677.8
2026-02-13,Product_B,19,192.02,3648.38
2026-03-16,Product_D,4,119.17,476.68
2026-03-17,Product_A,12,14.94,179.28
2026-03-01,Product_C,13,91.49,1189.37
2026-03-08,Product_A,6,40.14,240.84
2026-03-16,Product_A,15,81.62,1224.3
2026-01-06,Product_C,6,89.05,534.3
2026-01-27,Product_A,6,83.3,499.8
2026-03-09,Product_D,14,178.67,2501.38
2026-02-01,Product_B,11,49.61,545.71
2026-01-12,Product_A,11,85.86,944.46
2026-01-04,Product_A,2,95.0,190.0
2026-02-24,Product_D,6,150.58,903.48
2026-01-02,Product_D,14,127.36,1783.04
2026-01-14,Product_A,12,165.43,1985.16
2026-03-01,Product_A,7,184.35,1290.45
2026-02-26,Product_A,18,43.61,784.98
2026-03-23,Product_B,2,56.37,112.74
2026-01-09,Product_B,1,185.15,185.15
2026-02-08,Product_B,19,48.86,928.34
2026-01-05,Product_A,18,143.04,2574.72
2026-03-12,Product_D,6,41.07,246.42
2026-03-18,Product_B,13,12.51,162.63
2026-03-15,Product_A,7,78.15,547.05
2026-01-06,Product_A,16,184.47,2951.52
2026-03-21,Product_B,14,39.87,558.18
2026-03-26,Product_A,7,118.0,826.0
2026-03-01,Product_B,15,194.1,2911.5
2026-02-01,Product_C,11,106.27,1168.97
2026-01-08,Product_A,14,199.11,2787.54
2026-03-08,Product_C,13,62.03,806.39
2026-02-02,Product_D,18,65.5,1179.0
2026-02-16,Product_C,11,131.46,1446.06
2026-03-17,Product_A,16,74.37,1189.92
2026-03-24,Product_D,9,70.23,632.07
2026-02-14,Product_D,12,107.42,1289.04
2026-03-06,Product_B,12,172.15,2065.8
2026-02-07,Product_A,11,137.38,1511.18
2026-02-17,Product_B,9,117.58,1058.22
2026-03-15,Product_D,11,185.19,2037.09
2026-03-26,Product_A,13,148.51,1930.63
2026-01-16,Product_D,13,148.06,1924.78
2026-03-07,Product_A,1,150.17,150.17
2026-02-22,Product_A,6,120.02,720.12
2026-03-11,Product_A,8,106.01,848.08
2026-03-08,Product_A,5,138.18,690.9
2026-03-31,Product_A,2,78.28,156.56
2026-01-29,Product_A,19,118.5,2251.5
2026-01-20,Product_C,8,118.5,948.0
2026-01-18,Product_B,17,24.51,416.67
2026-01-06,Product_B,10,21.36,213.6
2026-03-21,Product_C,14,68.37,957.18
2026-01-11,Product_D,12,112.67,1352.04
2026-01-30,Product_C,6,89.65,537.9
2026-01-18,Product_C,4,10.3,41.2
2026-03-23,Product_B,4,95.43,381.72
2026-02-16,Product_C,19,106.11,2016.09
2026-01-08,Product_C,19,122.08,2319.52
2026-01-18,Product_B,6,125.91,755.46
2026-03-28,Product_B,10,147.07,1470.7
2026-03-03,Product_A,10,162.03,1620.3
2026-03-06,Product_B,16,59.16,946.56
2026-01-08,Product_D,9,162.1,1458.9
2026-01-30,Product_D,13,111.54,1450.02
2026-02-25,Product_C,6,155.86,935.16
2026-01-29,Product_B,12,49.64,595.68
2026-02-13,Product_B,16,53.91,862.56
2026-02-25,Product_A,5,152.55,762.75
2026-01-06,Product_A,14,20.39,285.46
2026-02-20,Product_D,3,61.53,184.59
2026-03-05,Product_A,4,140.47,561.88
2026-02-22,Product_B,9,191.22,1720.98
2026-02-04,Product_D,9,190.41,1713.69
2026-03-25,Product_D,4,181.94,727.76
2026-03-19,Product_C,17,19.78,336.26
2026-02-07,Product_C,11,154.28,1697.08
2026-03-31,Product_D,11,23.21,255.31
2026-02-24,Product_A,1,186.16,186.16
2026-01-05,Product_C,7,110.14,770.98
2026-02-13,Product_B,10,43.97,439.7
2026-01-12,Product_A,6,114.11,684.66
2026-01-30,Product_A,3,27.4,82.2
2026-03-18,Product_D,14,145.37,2035.18
2026-03-31,Product_B,14,15.29,214.06
2026-02-02,Product_D,10,180.01,1800.1
2026-02-20,Product_B,2,192.3,384.6
2026-02-21,Product_D,4,181.97,727.88
2026-02-12,Product_A,5,192.68,963.4
2026-01-24,Product_C,2,138.82,277.64
2026-03-31,Product_A,6,184.25,1105.5
2026-02-13,Product_A,16,55.49,887.84
2026-03-30,Product_A,11,88.47,973.17
2026-01-29,Product_B,5,88.57,442.85
2026-03-06,Product_C,2,16.49,32.98
2026-03-28,Product_D,14,12.26,171.64
2026-02-28,Product_A,7,24.68,172.76
2026-03-30,Product_B,17,65.52,1113.84
2026-02-21,Product_C,11,163.59,1799.49
2026-01-23,Product_D,14,64.4,901.6
2026-01-11,Product_D,2,187.44,374.88
2026-02-01,Product_C,6,17.36,104.16
2026-01-10,Product_A,11,155.05,1705.55
2026-01-07,Product_C,6,43.95,263.7
2026-01-31,Product_A,9,162.76,1464.84
2026-03-09,Product_C,10,50.25,502.5
2026-01-19,Product_C,18,23.78,428.04
2026-01-13,Product_C,15,30.93,463.95
2026-03-15,Product_C,8,57.27,458.16
2026-03-16,Product_D,16,118.11,1889.76
2026-03-07,Product_B,12,101.26,1215.12
2026-03-27,Product_A,13,99.64,1295.32
2026-02-23,Product_A,11,123.87,1362.57
2026-02-12,Product_A,16,172.02,2752.32
2026-01-07,Product_A,5,180.01,900.05
2026-01-10,Product_C,5,108.39,541.95
2026-02-06,Product_D,19,134.75,2560.25
2026-03-29,Product_B,17,182.66,3105.22
2026-03-01,Product_C,12,178.72,2144.64
2026-01-09,Product_B,11,158.18,1739.98
2026-02-23,Product_D,19,183.17,3480.23
2026-03-29,Product_B,1,67.23,67.23
2026-01-19,Product_B,5,98.86,494.3
2026-01-22,Product_C,3,133.06,399.18
2026-03-09,Product_D,3,46.67,140.01
2026-01-15,Product_C,10,80.14,801.4
2026-01-21,Product_D,2,72.42,144.84
2026-03-27,Product_A,2,82.17,164.34
2026-01-10,Product_A,17,25.47,432.99
2026-02-12,Product_D,8,42.74,341.92
2026-03-08,Product_C,6,168.03,1008.18
2026-01-21,Product_D,6,173.99,1043.94
2026-01-17,Product_C,6,30.1,180.6
2026-02-28,Product_A,11,63.12,694.32
2026-03-19,Product_D,16,19.2,307.2
2026-02-12,Product_B,4,63.98,255.92
2026-02-05,Product_C,15,192.17,2882.55
2026-03-17,Product_B,18,70.95,1277.1
2026-01-29,Product_B,5,161.54,807.7
2026-03-27,Product_A,15,120.28,1804.2
2026-02-04,Product_C,19,122.4,2325.6
2026-02-14,Product_A,12,83.0,996.0
2026-03-24,Product_D,14,195.42,2735.88
2026-01-09,Product_A,7,69.96,489.72
2026-01-31,Product_B,6,114.8,688.8
2026-03-06,Product_B,4,193.16,772.64
2026-03-19,Product_C,8,128.38,1027.04
2026-01-19,Product_D,12,159.58,1914.96
2026-02-08,Product_A,13,89.53,1163.89
2026-01-12,Product_A,13,152.24,1979.12
2026-02-26,Product_D,13,38.72,503.36
2026-02-22,Product_D,17,169.86,2887.62
2026-03-25,Product_B,5,146.07,730.35
2026-03-18,Product_B,6,197.87,1187.22
2026-03-10,Product_D,15,67.01,1005.15
2026-01-26,Product_B,12,62.47,749.64
2026-03-11,Product_C,1,84.95,84.95
2026-02-01,Product_A,4,112.74,450.96
2026-03-01,Product_C,13,88.9,1155.7
2026-03-04,Product_A,11,29.69,326.59
2026-01-30,Product_C,8,12.36,98.88
2026-03-08,Product_A,5,181.12,905.6
2026-02-02,Product_B,19,56.59,1075.21
2026-03-13,Product_B,1,155.03,155.03
2026-03-02,Product_B,8,114.62,916.96
2026-03-14,Product_C,1,110.05,110.05
2026-01-28,Product_C,3,197.42,592.26
2026-03-10,Product_C,15,114.69,1720.35
2026-02-08,Product_A,16,106.76,1708.16
2026-03-02,Product_C,14,44.86,628.04
2026-01-10,Product_B,6,156.72,940.32
2026-03-09,Product_C,2,148.17,296.34
2026-03-20,Product_B,3,97.16,291.48
2026-03-05,Product_C,15,66.85,1002.75
2026-01-21,Product_A,14,54.54,763.56
2026-02-05,Product_C,12,14.11,169.32
2026-02-25,Product_B,6,82.12,492.72
2026-01-29,Product_A,1,135.73,135.73
2026-02-15,Product_D,16,125.13,2002.08
2026-02-26,Product_B,3,16.06,48.18
2026-02-21,Product_B,10,15.81,158.1
2026-01-05,Product_A,7,131.74,922.18
2026-03-21,Product_C,8,93.95,751.6
2026-03-17,Product_B,7,140.46,983.22
2026-02-01,Product_B,5,78.86,394.3
2026-03-18,Product_D,9,62.35,561.15
2026-02-22,Product_D,1,41.23,41.23
2026-02-08,Product_C,11,32.39,356.29
2026-03-25,Product_D,19,79.52,1510.88
2026-03-22,Product_A,13,47.63,619.19
2026-03-16,Product_D,12,106.08,1272.96
2026-03-12,Product_B,6,133.99,803.94
2026-01-27,Product_A,6,165.08,990.48
2026-02-27,Product_D,3,153.05,459.15
2026-01-31,Product_A,9,109.94,989.46
2026-03-06,Product_B,5,150.61,753.05
2026-02-08,Product_D,18,96.16,1730.88
2026-01-19,Product_A,3,78.72,236.16
2026-02-11,Product_C,8,173.49,1387.92
2026-02-27,Product_B,17,148.75,2528.75
2026-02-18,Product_B,10,93.09,930.9
2026-02-12,Product_C,17,186.72,3174.24
2026-02-22,Product_B,18,12.68,228.24
2026-01-23,Product_D,6,103.28,619.68
2026-03-06,Product_D,1,175.66,175.66
2026-03-12,Product_A,19,101.97,1937.43
2026-03-03,Product_A,8,51.01,408.08
2026-03-02,Product_B,13,100.85,1311.05
2026-01-28,Product_C,18,91.0,1638.0
2026-01-01,Product_B,13,107.16,1393.08
2026-01-27,Product_A,5,26.86,134.3
2026-02-20,Product_A,18,56.45,1016.1
2026-01-21,Product_A,6,123.7,742.2
2026-01-27,Product_D,12,118.19,1418.28
2026-03-07,Product_B,11,106.54,1171.94
2026-03-19,Product_B,5,12.56,62.8
2026-01-19,Product_D,12,148.59,1783.08
2026-03-02,Product_B,15,79.52,1192.8
2026-03-24,Product_C,14,68.16,954.24
2026-03-01,Product_C,11,17.15,188.65
2026-03-04,Product_D,13,36.04,468.52
2026-02-08,Product_A,4,72.05,288.2
2026-01-24,Product_A,18,190.02,3420.36
2026-03-10,Product_B,12,157.62,1891.44
2026-03-11,Product_C,5,193.73,968.65
2026-03-03,Product_A,2,120.13,240.26
2026-03-29,Product_D,17,124.98,2124.66
2026-03-08,Product_D,12,122.9,1474.8
2026-01-20,Product_C,6,186.15,1116.9
2026-02-06,Product_C,17,41.75,709.75
2026-01-18,Product_B,16,195.44,3127.04
2026-01-22,Product_A,10,104.04,1040.4
2026-03-19,Product_D,14,13.28,185.92
2026-01-27,Product_C,16,158.18,2530.88
2026-02-02,Product_D,2,195.5,391.0
2026-01-09,Product_B,2,165.05,330.1
2026-01-09,Product_C,7,102.35,716.45
2026-01-21,Product_D,6,194.88,1169.28
2026-03-10,Product_B,1,68.19,68.19
2026-03-24,Product_D,9,25.39,228.51
2026-02-24,Product_D,12,150.74,1808.88
2026-03-27,Product_A,6,153.67,922.02
2026-03-16,Product_C,7,188.97,1322.79
2026-03-31,Product_A,4,136.23,544.92
2026-01-24,Product_D,18,126.79,2282.22
2026-01-14,Product_D,2,100.83,201.66
2026-01-12,Product_A,10,187.83,1878.3
2026-02-12,Product_B,19,74.56,1416.64
2026-01-11,Product_D,16,120.96,1935.36
2026-03-30,Product_D,1,99.29,99.29
2026-01-25,Product_B,12,106.49,1277.88
2026-02-17,Product_A,16,88.45,1415.2
2026-03-10,Product_B,15,80.73,1210.95
2026-02-13,Product_A,15,154.76,2321.4
2026-01-14,Product_B,16,84.69,1355.04
2026-01-07,Product_D,16,48.05,768.8
2026-01-03,Product_C,2,80.0,160.0
2026-03-09,Product_C,13,22.31,290.03
2026-01-05,Product_D,8,32.28,258.24
2026-01-29,Product_D,19,26.03,494.57
2026-02-05,Product_B,3,148.01,444.03
2026-03-24,Product_C,3,42.33,126.99
2026-03-19,Product_A,2,162.92,325.84
2026-02-16,Product_D,13,42.42,551.46
2026-03-20,Product_A,6,73.99,443.94
2026-01-07,Product_D,15,131.71,1975.65
2026-03-22,Product_B,10,82.38,823.8
2026-01-21,Product_D,6,77.23,463.38
2026-01-24,Product_C,9,75.92,683.28
2026-03-05,Product_D,19,184.19,3499.61
2026-03-13,Product_A,13,108.63,1412.19
2026-01-07,Product_D,17,139.16,2365.72
2026-01-22,Product_B,9,64.43,579.87
2026-03-06,Product_B,1,167.67,167.67
2026-02-20,Product_A,18,111.2,2001.6
2026-01-10,Product_B,11,180.9,1989.9
2026-03-09,Product_C,17,43.92,746.64
2026-03-27,Product_C,7,10.3,72.1
2026-02-03,Product_B,15,80.13,1201.95
2026-03-13,Product_B,14,33.98,475.72
2026-01-09,Product_C,16,19.01,304.16
2026-02-21,Product_A,2,130.37,260.74
2026-02-03,Product_B,7,143.35,1003.45
2026-03-03,Product_C,15,63.37,950.55
2026-01-08,Product_D,19,52.87,1004.53
2026-03-01,Product_A,13,108.81,1414.53
2026-02-11,Product_C,16,124.53,1992.48
2026-01-28,Product_B,2,186.89,373.78
2026-02-21,Product_A,14,18.87,264.18
2026-02-10,Product_B,8,81.68,653.44
2026-03-13,Product_A,11,101.42,1115.62
2026-02-15,Product_B,9,131.61,1184.49
2026-01-10,Product_D,16,48.47,775.52
2026-03-30,Product_C,10,167.72,1677.2
2026-02-16,Product_A,3,191.84,575.52
2026-02-28,Product_A,5,120.06,600.3
2026-01-22,Product_D,3,144.81,434.43
2026-02-24,Product_A,3,21.08,63.24
2026-01-01,Product_A,6,179.28,1075.68
2026-01-20,Product_C,8,74.97,599.76
2026-01-20,Product_C,12,77.78,933.36
2026-03-27,Product_A,15,82.67,1240.05
2026-01-28,Product_B,3,45.16,135.48
2026-01-22,Product_C,4,198.74,794.96
2026-01-19,Product_C,11,147.79,1625.69
2026-03-09,Product_D,2,30.34,60.68
2026-02-05,Product_A,7,101.15,708.05
2026-01-30,Product_A,12,84.35,1012.2
2026-01-23,Product_D,13,22.37,290.81
2026-02-26,Product_A,4,70.74,282.96
2026-01-11,Product_D,9,79.2,712.8
2026-02-12,Product_C,16,163.12,2609.92
2026-03-14,Product_B,14,63.73,892.22
2026-02-01,Product_D,8,53.81,430.48
2026-01-13,Product_D,11,73.66,810.26
2026-03-24,Product_D,4,95.65,382.6
2026-01-08,Product_D,13,82.12,1067.56
2026-03-29,Product_A,4,11.97,47.88
2026-01-09,Product_B,19,101.68,1931.92
2026-03-03,Product_D,11,42.73,470.03
2026-01-24,Product_B,12,117.7,1412.4
2026-02-04,Product_D,6,94.93,569.58
2026-01-04,Product_A,3,156.59,469.77
2026-02-25,Product_B,6,118.33,709.98
2026-03-10,Product_B,19,114.42,2173.98
2026-01-16,Product_C,2,140.55,281.1
2026-01-25,Product_D,16,105.71,1691.36
2026-03-04,Product_A,12,149.41,1792.92
2026-01-27,Product_B,12,139.54,1674.48
2026-02-17,Product_B,4,99.62,398.48
2026-03-29,Product_D,7,38.94,272.58
2026-02-05,Product_A,2,110.7,221.4
2026-01-17,Product_D,2,137.61,275.22
2026-03-29,Product_B,1,108.79,108.79
2026-03-20,Product_C,19,136.67,2596.73
2026-03-29,Product_A,8,32.6,260.8
2026-02-27,Product_C,17,142.97,2430.49
2026-01-25,Product_A,7,112.31,786.17
2026-02-25,Product_C,15,110.98,1664.7
2026-02-19,Product_A,12,123.74,1484.88
2026-02-22,Product_C,5,156.34,781.7
2026-01-25,Product_C,13,148.26,1927.38
2026-01-16,Product_D,17,59.5,1011.5
2026-03-09,Product_B,17,64.23,1091.91
2026-03-15,Product_B,3,58.63,175.89
2026-02-16,Product_D,8,156.61,1252.88
2026-01-21,Product_A,17,104.74,1780.58
2026-03-08,Product_D,12,104.25,1251.0
2026-01-13,Product_B,13,25.54,332.02
2026-01-26,Product_D,18,14.08,253.44
2026-01-01,Product_D,16,55.99,895.84
2026-03-19,Product_C,4,20.67,82.68
2026-01-12,Product_C,6,23.49,140.94
2026-01-25,Product_D,18,66.76,1201.68
2026-02-24,Product_B,10,73.26,732.6
2026-02-17,Product_C,19,84.73,1609.87
2026-03-19,Product_C,2,143.9,287.8
2026-02-10,Product_D,10,75.07,750.7
2026-03-01,Product_D,10,166.38,1663.8
2026-03-21,Product_A,9,138.85,1249.65
2026-03-31,Product_D,11,104.02,1144.22
2026-02-01,Product_A,8,73.04,584.32
2026-02-26,Product_B,2,121.18,242.36
2026-02-03,Product_A,12,28.36,340.32
2026-02-08,Product_B,9,35.56,320.04
2026-01-21,Product_B,10,160.64,1606.4
2026-01-15,Product_B,11,190.21,2092.31
2026-01-10,Product_D,4,167.09,668.36
2026-03-09,Product_B,15,41.34,620.1
2026-03-23,Product_D,7,99.67,697.69
2026-03-21,Product_B,2,79.1,158.2
2026-01-04,Product_A,18,118.06,2125.08
2026-02-17,Product_B,8,155.99,1247.92
2026-03-12,Product_B,18,151.21,2721.78
2026-02-12,Product_B,1,94.5,94.5
2026-01-06,Product_A,12,13.99,167.88
2026-01-21,Product_D,16,77.05,1232.8
2026-02-27,Product_C,9,132.02,1188.18
2026-03-01,Product_D,1,10.36,10.36
2026-02-24,Product_D,13,100.88,1311.44
2026-03-19,Product_A,9,148.27,1334.43
2026-01-25,Product_D,8,68.24,545.92
2026-02-28,Product_A,7,68.26,477.82
2026-03-21,Product_A,2,125.47,250.94
2026-02-06,Product_C,19,173.47,3295.93
2026-03-22,Product_A,4,20.15,80.6
2026-02-28,Product_C,15,130.44,1956.6
2026-02-21,Product_B,9,69.89,629.01
2026-03-05,Product_A,11,116.93,1286.23
2026-03-15,Product_C,17,71.63,1217.71
2026-03-25,Product_A,2,17.14,34.28
2026-03-30,Product_D,12,97.35,1168.2
2026-03-24,Product_C,12,106.65,1279.8
2026-02-25,Product_A,7,104.57,731.99
2026-03-20,Product_C,19,193.01,3667.19
2026-03-12,Product_D,14,171.71,2403.94
2026-01-28,Product_B,1,94.44,94.44
2026-01-24,Product_D,12,83.48,1001.76
2026-02-23,Product_C,17,38.17,648.89
2026-03-11,Product_B,19,31.13,591.47
2026-03-10,Product_B,11,41.67,458.37
2026-01-24,Product_D,14,99.71,1395.94
2026-02-16,Product_B,14,127.76,1788.64
2026-02-09,Product_A,8,137.59,1100.72
2026-03-08,Product_C,1,96.76,96.76
2026-03-19,Product_D,6,18.63,111.78
2026-01-27,Product_D,15,76.75,1151.25
2026-01-25,Product_C,14,41.3,578.2
2026-01-18,Product_B,9,65.85,592.65
2026-03-29,Product_A,7,177.4,1241.8
2026-01-02,Product_B,3,175.95,527.85
2026-02-15,Product_B,2,157.09,314.18
2026-02-28,Product_C,15,133.73,2005.95
2026-01-22,Product_D,3,53.83,161.49
2026-01-18,Product_A,6,163.36,980.16
2026-02-26,Product_A,9,138.81,1249.29
2026-02-03,Product_C,7,22.28,155.96
2026-02-13,Product_D,16,193.97,3103.52
2026-03-17,Product_D,11,19.45,213.95
2026-01-03,Product_C,14,55.72,780.08
2026-03-25,Product_B,19,123.49,2346.31
2026-01-27,Product_C,3,171.7,515.1
2026-01-27,Product_B,11,72.74,800.14
2026-02-22,Product_D,12,42.24,506.88
2026-02-25,Product_A,8,140.06,1120.48
2026-01-08,Product_C,18,140.22,2523.96
2026-03-04,Product_B,12,129.91,1558.92
2026-02-01,Product_B,19,197.31,3748.89
2026-03-21,Product_C,10,45.26,452.6
2026-03-18,Product_A,9,147.71,1329.39
2026-02-16,Product_A,16,89.4,1430.4
2026-03-29,Product_D,10,112.2,1122.0
2026-03-12,Product_A,7,90.49,633.43
2026-03-11,Product_B,19,113.82,2162.58
2026-02-25,Product_D,15,118.35,1775.25
2026-03-29,Product_A,6,144.14,864.84
2026-03-27,Product_A,4,99.79,399.16
2026-03-16,Product_A,4,29.66,118.64
2026-01-16,Product_C,14,102.32,1432.48
2026-01-15,Product_A,17,192.69,3275.73
2026-02-26,Product_D,8,151.89,1215.12
2026-03-29,Product_A,18,61.71,1110.78
2026-01-02,Product_A,7,102.19,715.33
2026-03-26,Product_D,14,37.87,530.18
2026-03-17,Product_B,12,182.28,2187.36
2026-03-18,Product_D,7,86.48,605.36
2026-01-19,Product_B,2,163.49,326.98
2026-03-04,Product_C,10,105.41,1054.1
2026-02-15,Product_C,7,62.15,435.05
2026-03-07,Product_D,14,80.16,1122.24
2026-02-22,Product_A,9,132.59,1193.31
2026-01-29,Product_A,10,78.32,783.2
2026-03-29,Product_A,19,36.44,692.36
2026-02-08,Product_A,17,188.23,3199.91
2026-01-21,Product_A,7,144.55,1011.85
2026-02-21,Product_C,3,164.85,494.55
2026-03-01,Product_A,5,98.0,490.0
2026-03-06,Product_B,2,163.0,326.0
2026-01-15,Product_A,7,117.84,824.88
2026-02-22,Product_D,8,148.5,1188.0
2026-02-14,Product_B,16,157.89,2526.24
2026-01-17,Product_D,18,45.73,823.14
2026-03-06,Product_C,7,159.57,1116.99
2026-01-31,Product_B,7,19.13,133.91
2026-03-24,Product_B,15,166.65,2499.75
2026-01-11,Product_A,15,53.08,796.2
2026-02-15,Product_B,9,104.36,939.24
2026-03-30,Product_C,5,81.44,407.2
2026-03-20,Product_A,9,14.49,130.41
2026-03-01,Product_D,6,181.94,1091.64
2026-02-12,Product_A,14,151.36,2119.04
2026-03-06,Product_B,3,101.0,303.0
2026-01-06,Product_B,8,151.87,1214.96
2026-03-18,Product_C,4,149.98,599.92
2026-02-25,Product_C,7,130.8,915.6
2026-02-12,Product_C,1,124.07,124.07
2026-01-21,Product_C,13,109.63,1425.19
2026-03-30,Product_C,14,66.71,933.94
2026-03-10,Product_D,8,42.86,342.88
2026-01-19,Product_D,9,22.72,204.48
2026-02-19,Product_A,12,192.22,2306.64
2026-03-25,Product_B,1,109.43,109.43
2026-01-16,Product_A,11,17.08,187.88
2026-01-18,Product_C,9,188.48,1696.32
2026-03-03,Product_B,8,198.19,1585.52
2026-01-08,Product_C,9,187.54,1687.86
2026-03-06,Product_C,13,199.19,2589.47
2026-02-25,Product_A,14,70.32,984.48
2026-01-03,Product_B,6,105.84,635.04
2026-01-05,Product_B,6,158.07,948.42
2026-01-17,Product_B,18,184.98,3329.64
2026-03-19,Product_B,12,148.78,1785.36
2026-03-10,Product_A,13,182.87,2377.31
2026-01-31,Product_D,6,22.01,132.06
2026-02-22,Product_B,14,88.35,1236.9
2026-03-26,Product_B,1,34.43,34.43
2026-02-06,Product_A,3,87.89,263.67
2026-03-01,Product_D,19,57.15,1085.85
2026-02-01,Product_C,4,24.51,98.04
2026-02-05,Product_D,3,122.26,366.78
2026-02-02,Product_B,3,116.21,348.63
2026-02-20,Product_C,5,46.78,233.9
2026-02-21,Product_D,17,67.04,1139.68
2026-01-06,Product_D,15,109.88,1648.2
2026-02-03,Product_B,9,183.51,1651.59
2026-01-01,Product_C,14,114.52,1603.28
2026-01-10,Product_B,15,192.26,2883.9
2026-02-01,Product_B,1,180.6,180.6
2026-02-05,Product_B,19,124.33,2362.27
2026-03-30,Product_B,11,159.52,1754.72
2026-03-02,Product_A,14,179.23,2509.22
2026-02-08,Product_C,9,199.08,1791.72
2026-01-12,Product_C,6,158.87,953.22
2026-02-14,Product_B,3,65.65,196.95
2026-02-13,Product_C,13,28.9,375.7
2026-01-08,Product_A,18,179.19,3225.42
2026-03-04,Product_D,3,148.44,445.32
2026-02-26,Product_D,6,56.41,338.46
2026-02-22,Product_D,12,180.39,2164.68
2026-01-25,Product_C,10,89.43,894.3
2026-02-13,Product_C,12,154.8,1857.6
2026-02-21,Product_A,9,33.07,297.63
2026-01-11,Product_A,14,66.44,930.16
2026-02-19,Product_D,14,85.48,1196.72
2026-01-19,Product_C,19,122.78,2332.82
2026-01-11,Product_B,16,147.18,2354.88
2026-03-03,Product_D,5,41.04,205.2
2026-02-09,Product_B,14,150.48,2106.72
2026-01-07,Product_A,2,164.64,329.28
2026-01-08,Product_A,9,174.73,1572.57
2026-03-21,Product_D,14,31.65,443.1
2026-01-13,Product_A,14,135.53,1897.42
2026-01-01,Product_A,16,165.66,2650.56
2026-01-04,Product_C,1,112.92,112.92
2026-02-21,Product_B,2,100.67,201.34
2026-01-16,Product_D,18,74.03,1332.54
2026-03-09,Product_C,2,107.26,214.52
2026-03-23,Product_A,3,64.63,193.89
2026-03-01,Product_A,9,40.62,365.58
2026-03-08,Product_A,4,176.42,705.68
2026-01-16,Product_D,13,11.95,155.35
2026-03-03,Product_B,5,164.17,820.85
2026-03-06,Product_C,9,189.67,1707.03
2026-01-20,Product_D,14,70.93,993.02
2026-02-14,Product_B,13,104.74,1361.62
2026-03-29,Product_B,15,135.55,2033.25
2026-03-03,Product_D,14,162.45,2274.3
2026-01-22,Product_D,3,124.73,374.19
2026-01-01,Product_A,7,166.67,1166.69
2026-03-05,Product_D,5,68.36,341.8
2026-03-26,Product_B,12,101.03,1212.36
2026-01-02,Product_D,5,138.78,693.9
2026-03-26,Product_B,2,190.71,381.42
2026-03-02,Product_B,5,71.02,355.1
2026-03-18,Product_D,19,108.09,2053.71
2026-01-23,Product_D,10,187.33,1873.3
2026-01-15,Product_D,3,189.58,568.74
2026-01-25,Product_A,17,196.98,3348.66
2026-02-16,Product_A,10,147.48,1474.8
2026-02-02,Product_D,15,174.62,2619.3
2026-03-22,Product_D,16,109.35,1749.6
2026-03-12,Product_D,15,108.47,1627.05
2026-02-24,Product_A,13,198.5,2580.5
2026-01-25,Product_D,11,115.07,1265.77
2026-03-19,Product_C,1,133.38,133.38
2026-03-31,Product_A,11,195.8,2153.8
2026-02-05,Product_A,8,55.01,440.08
2026-02-27,Product_B,12,191.66,2299.92
2026-02-01,Product_C,5,110.88,554.4
2026-02-09,Product_A,18,156.37,2814.66
2026-01-15,Product_B,12,25.44,305.28
2026-02-18,Product_A,18,33.82,608.76
2026-01-14,Product_B,17,75.33,1280.61
2026-01-20,Product_C,16,172.47,2759.52
2026-01-16,Product_B,8,77.32,618.56
2026-02-11,Product_B,10,48.56,485.6
2026-02-05,Product_C,11,56.47,621.17
2026-01-26,Product_D,16,182.76,2924.16
2026-02-21,Product_B,15,199.52,2992.8
2026-02-04,Product_D,7,156.63,1096.41
2026-01-23,Product_B,7,180.88,1266.16
2026-02-03,Product_D,1,69.28,69.28
2026-03-03,Product_A,11,193.9,2132.9
2026-03-20,Product_B,8,84.56,676.48
2026-01-08,Product_A,14,23.0,322.0
2026-02-02,Product_C,10,162.43,1624.3
2026-01-04,Product_B,4,64.28,257.12
2026-03-09,Product_A,2,171.58,343.16
2026-02-27,Product_B,3,117.89,353.67
2026-02-16,Product_A,11,189.95,2089.45
2026-03-31,Product_D,2,13.22,26.44
2026-01-22,Product_A,16,33.11,529.76
2026-03-26,Product_D,17,185.48,3153.16
2026-02-28,Product_C,7,50.7,354.9
2026-03-06,Product_A,5,82.13,410.65
2026-02-10,Product_A,7,16.7,116.9
2026-03-20,Product_B,5,191.66,958.3
2026-03-20,Product_A,10,162.71,1627.1
2026-03-04,Product_B,9,154.95,1394.55
2026-03-04,Product_B,6,53.04,318.24
2026-02-17,Product_D,5,78.75,393.75
2026-01-28,Product_A,16,179.5,2872.0
